﻿{
  "1": [
   {
      "start": "00:00:00",
      "duration": "01:51:20",
      "url": "https://ia903206.us.archive.org/10/items/campeon-sin-corona_202202/CAMPEON_SIN_CORONA.mp4",
      "title": "CAMPEON_SIN_CORONA"
    },
    {
      "start": "01:51:20",
      "duration": "01:38:28",
      "url": "https://dn720408.ca.archive.org/0/items/escapate-conmigo-1988/Ni%20Chana%20ni%20Juana.mp4",
      "title": "Ni Chana ni Juana"
    },
    {
      "start": "03:29:48",
      "duration": "01:28:40",
      "url": "https://dn720408.ca.archive.org/0/items/escapate-conmigo-1988/El%20gato%20con%20botas%20%281960%29.mp4",
      "title": "El gato con botas (1960)"
    },
    {
      "start": "04:58:28",
      "duration": "01:51:56",
      "url": "https://ia804502.us.archive.org/30/items/comando-especial-2_202106/Comando%20Especial%202.mp4",
      "title": "Comando Especial 2"
    },
    {
      "start": "06:50:24",
      "duration": "01:23:15",
      "url": "https://dn720408.ca.archive.org/0/items/escapate-conmigo-1988/Un%20milagro%20en%20el%20Circo%20-%20Cepillin.mp4",
      "title": "Un milagro en el Circo - Cepillin"
    },
    {
      "start": "08:13:39",
      "duration": "01:31:59",
      "url": "https://ia800507.us.archive.org/33/items/al-juicio-final/Al%20juicio%20final.mp4",
      "title": "Al juicio final"
    },
    {
      "start": "09:45:38",
      "duration": "01:46:06",
      "url": "https://dn721802.ca.archive.org/0/items/noches-de-cabaret/Noches%20De%20Cabaret.ia.mp4",
      "title": "Noches De Cabaret.ia"
    },
    {
      "start": "11:31:44",
      "duration": "01:15:02",
      "url": "https://dn721905.ca.archive.org/0/items/a-paris-con-amor/A%20Paris%20Con%20Amor.ia.mp4",
      "title": "A Paris Con Amor.ia"
    },
    {
      "start": "12:46:46",
      "duration": "01:31:00",
      "url": "https://dn710203.ca.archive.org/0/items/diaalbaniles2dos/diaalbaniles2dos.ia.mp4",
      "title": "diaalbaniles2dos.ia"
    },
    {
      "start": "14:17:46",
      "duration": "01:24:26",
      "url": "https://ia601304.us.archive.org/5/items/pelicula-musical-exitos-del-amor/Pelicula%20musical_Exitos%20del%20Amor.ia.mp4",
      "title": "Pelicula musical_Exitos del Amor.ia"
    },
    {
      "start": "15:42:12",
      "duration": "01:42:34",
      "url": "https://ia801008.us.archive.org/3/items/pelicula-regresiones-de-un-hombre-muerto/PELICULA-Regresiones%20de%20un%20hombre%20muerto.mp4",
      "title": "PELICULA-Regresiones de un hombre muerto"
    },
    {
      "start": "17:24:46",
      "duration": "01:19:53",
      "url": "https://ia801304.us.archive.org/1/items/pelicula-black-rock/PELICULA-%20BLACK%20ROCK.ia.mp4",
      "title": "PELICULA- BLACK ROCK.ia"
    },
    {
      "start": "18:44:39",
      "duration": "01:28:14",
      "url": "https://ia802809.us.archive.org/12/items/pelicula-venganza-de-las-mujeres-vampiro-1970/PELICULA_Venganza%20de%20las%20mujeres%20vampiro_1970.mp4",
      "title": "PELICULA_Venganza de las mujeres vampiro_1970"
    },
    {
      "start": "20:12:53",
      "duration": "01:49:07",
      "url": "https://ia600401.us.archive.org/7/items/un-verano-magico-1963/Un%20Verano%20Magico-1963.ia.mp4",
      "title": "Un Verano Magico-1963.ia"
    },
    {
      "start": "22:02:00",
      "duration": "01:50:07",
      "url": "https://dn721604.ca.archive.org/0/items/cinemex_202403/cinemex.ia.mp4",
      "title": "cinemex.ia"
    },
    {
      "start": "23:52:07",
      "duration": "00:07:53",
      "url": "https://dn721806.ca.archive.org/0/items/CoyoteyCorrecaminos/1965%20Coyote%20y%20Correcaminos%20Road%20Runner%20a%20Go-Go%20Ing.mp4",
      "title": "correcaminos (relleno)"
  }
],

 "2": [
  {
      "start": "00:00:00",
      "duration": "01:45:30",
      "url": "https://dn710207.ca.archive.org/0/items/0571-despedida-de-soltero-1984-720p-d-s-spa-eng-v/0571-Despedida%20De%20Soltero%20%281984%29%20720p%20D%20S%20spa%20eng%20v.mp4",
      "title": "0571-Despedida De Soltero (1984) 720p D S spa eng v"
    },
    {
      "start": "01:45:30",
      "duration": "01:58:40",
      "url": "https://ia904602.us.archive.org/31/items/super-cool_202310/Super%20Cool.mp4",
      "title": "Super Cool"
    },
    {
      "start": "03:44:10",
      "duration": "01:35:32",
      "url": "https://dn721605.ca.archive.org/0/items/001.-colorizada-pedro-infante-peliculas-completas-dos-tipos-de-cuidado-1952-colo/001.COLORIZADA%20Pedro%20Infante%20Peliculas%20Completas%20_Dos%20Tipos%20De%20Cuidado_%201952%20COLORIZADA%20con%20Jorge%20Negrete%20.ia.mp4",
      "title": "001.COLORIZADA Pedro Infante Peliculas Completas _Dos Tipos De Cuidado_ 1952 COLORIZADA con Jorge Negrete .ia"
    },
    {
      "start": "05:19:42",
      "duration": "01:49:08",
      "url": "https://dn721606.ca.archive.org/0/items/ahi-esta-el-detalle-cantinflas-completa-1940-a-color-hdby-frankito/Ahi%20esta%20el%20detalle%20Cantinflas%20completa%201940%20a%20Color%20HD.ia.mp4",
      "title": "Ahi esta el detalle Cantinflas completa 1940 a Color HD.ia"
    },
    {
      "start": "07:08:50",
      "duration": "01:32:50",
      "url": "https://ia904609.us.archive.org/31/items/y-2-mate.is-pelicula-entre-monjas-anda-el-diablo-hf-8e-py-apymc-480p-1639444135763/Y2Mate.is%20-%20Pel%C3%ADcula%20entre%20monjas%20anda%20el%20diablo-Hf8ePyAPymc-480p-1639444135763.ia.mp4",
      "title": "Y2Mate.is - Película entre monjas anda el diablo-Hf8ePyAPymc-480p-1639444135763.ia"
    },
    {
      "start": "08:41:40",
      "duration": "01:36:02",
      "url": "https://dn720304.ca.archive.org/0/items/pelicula-restaurada-la-doncella-de-piedra-1955-elsa-aguirre-victor-manuel-mendoza-flor-silvestre.-1/Pel%C3%ADcula%28Restaurada%29%2CLa%20doncella%20de%20piedra%201955%2C%20Elsa%20Aguirre%2C%20V%C3%ADctor%20Manuel%20Mendoza%2CFlor%20Silvestre.%20%281%29.mp4",
      "title": "Película(Restaurada),La doncella de piedra 1955, Elsa Aguirre, Víctor Manuel Mendoza,Flor Silvestre. (1)"
    },
    {
      "start": "10:17:42",
      "duration": "01:47:50",
      "url": "https://ia800408.us.archive.org/21/items/tizoc-pelicula-remasterizada-en-hd.-pedro-infante-maria-felix/Tizoc%20Pelicula%20Remasterizada%20En%20HD.%20Pedro%20Infante%2C%20Maria%20Felix.mp4",
      "title": "Tizoc Pelicula Remasterizada En HD. Pedro Infante, Maria Felix"
    },
    {
      "start": "12:05:32",
      "duration": "01:59:16",
      "url": "https://dn720402.ca.archive.org/0/items/ciclo-n/CICL%C3%93N.ia.mp4",
      "title": "CICLÓN.ia"
    },
    {
      "start": "14:04:48",
      "duration": "01:47:53",
      "url": "https://dn720302.ca.archive.org/0/items/2960-picardia-mexicana-tvrip-1978-lat-mx-v.mkv/2960-Picardia_Mexicana_TVRip_%281978%29_Lat_mx_v.mkv.mp4",
      "title": "2960-Picardia_Mexicana_TVRip_(1978)_Lat_mx_v.mkv"
    },
    {
      "start": "15:52:41",
      "duration": "01:23:51",
      "url": "https://ia801007.us.archive.org/4/items/zoombies-2-2019/Zoombies%202%202019.ia.mp4",
      "title": "Zoombies 2 2019.ia"
    },
    {
      "start": "17:16:32",
      "duration": "01:24:10",
      "url": "https://dn721807.ca.archive.org/0/items/ver-con-el-diablo-adentro-2012/Ver%20Con%20el%20diablo%20adentro%202012.ia.mp4",
      "title": "Ver Con el diablo adentro 2012.ia"
    },
    {
      "start": "18:40:42",
      "duration": "01:24:57",
      "url": "https://ia600601.us.archive.org/34/items/ver-el-espiritu-de-las-tinieblas-2022/Ver%20El%20espiritu%20de%20las%20tinieblas%202022.mp4",
      "title": "Ver El espiritu de las tinieblas 2022"
    },
    {
      "start": "20:05:39",
      "duration": "01:42:45",
      "url": "https://ia903103.us.archive.org/24/items/ver-el-demonio-entre-nosotros-2023/Ver%20El%20demonio%20entre%20nosotros%202023.mp4",
      "title": "Ver El demonio entre nosotros 2023"
    },
    {
      "start": "21:48:24",
      "duration": "01:56:51",
      "url": "https://dn710205.ca.archive.org/0/items/ver-el-club-de-los-vandalos/Ver%20El%20club%20de%20los%20v%C3%A1ndalos.mp4",
      "title": "Ver El club de los vándalos"
    },
    {
      "start": "23:45:15",
      "duration": "00:14:45",
      "url": "https://ia600103.us.archive.org/8/items/caricaturas-01/caricaturas-01.ia.mp4",
      "title": "pajaro loco (relleno)"
  }
],

 "3": [
  {
      "start": "00:00:00",
      "duration": "01:34:27",
      "url": "https://dn721906.ca.archive.org/0/items/pequena-flor/peque%C3%B1a%20flor.mp4",
      "title": "pequeña flor"
    },
    {
      "start": "01:34:27",
      "duration": "01:34:27",
      "url": "https://dn721809.ca.archive.org/0/items/ver-el-nino-del-bosque/Ver%20El%20ni%C3%B1o%20del%20bosque.mp4",
      "title": "Ver El niño del bosque"
    },
    {
      "start": "03:08:54",
      "duration": "01:31:00",
      "url": "https://ia800309.us.archive.org/22/items/ver-hotel-royal-2023/Ver%20Hotel%20Royal%202023.mp4",
      "title": "Ver Hotel Royal 2023"
    },
    {
      "start": "04:39:54",
      "duration": "01:20:36",
      "url": "https://dn710208.ca.archive.org/0/items/terremoto_202407/terremoto.mp4",
      "title": "terremoto"
    },
    {
      "start": "06:00:30",
      "duration": "01:28:19",
      "url": "https://dn721804.ca.archive.org/0/items/ver-codigo-terror-2022/Ver%20C%C3%B3digo%20Terror%202022.mp4",
      "title": "Ver Código Terror 2022"
    },
    {
      "start": "07:28:49",
      "duration": "01:32:36",
      "url": "https://dn721607.ca.archive.org/0/items/ver-desaparecidos-en-la-noche-2024/Ver%20Desaparecidos%20en%20la%20noche%202024.mp4",
      "title": "Ver Desaparecidos en la noche 2024"
    },
    {
      "start": "09:01:25",
      "duration": "01:33:49",
      "url": "https://dn710206.ca.archive.org/0/items/unicorn_202407/unicorn.mp4",
      "title": "unicorn"
    },
    {
      "start": "10:35:14",
      "duration": "01:30:37",
      "url": "https://dn721807.ca.archive.org/0/items/ver-como-tener-sexo-2023/Ver%20C%C3%B3mo%20Tener%20Sexo%202023.mp4",
      "title": "Ver Cómo Tener Sexo 2023"
    },
    {
      "start": "12:05:51",
      "duration": "01:23:24",
      "url": "https://dn720403.ca.archive.org/0/items/la-masacre-de-texas-peli-cula-completa/LA%20MASACRE%20DE%20TEXAS%20-%20PEL%C3%8DCULA%20COMPLETA.mp4",
      "title": "LA MASACRE DE TEXAS - PELÍCULA COMPLETA"
    },
    {
      "start": "13:29:15",
      "duration": "01:21:03",
      "url": "https://ia800806.us.archive.org/11/items/vacaciones-de-terror-1989/Vacaciones%20de%20Terror%20-%20%281989%29.mp4",
      "title": "Vacaciones de Terror - (1989)"
    },
    {
      "start": "14:50:18",
      "duration": "01:38:39",
      "url": "https://ia800304.us.archive.org/27/items/alla-en-el-rancho-grande/All%C3%A1%20en%20el%20rancho%20grande.mp4",
      "title": "Allá en el rancho grande"
    },
    {
      "start": "16:28:57",
      "duration": "01:37:27",
      "url": "https://dn720408.ca.archive.org/0/items/escapate-conmigo-1988/Delincuente%20%281986%29.mp4",
      "title": "Delincuente (1986)"
    },
    {
      "start": "18:06:24",
      "duration": "01:38:25",
      "url": "https://dn720406.ca.archive.org/0/items/la-otra-1946-hd/La%20Otra%20-%20%281946%29%20-%20HD.ia.mp4",
      "title": "La Otra - (1946) - HD.ia"
    },
    {
      "start": "19:44:49",
      "duration": "01:50:35",
      "url": "https://dn720404.ca.archive.org/0/items/matrimonio-es-como-el-demonio-el-1969-01-30/Matrimonio%20es%20como%20el%20demonio%2C%20El%20-%20%281969%2001%2030%29.ia.mp4",
      "title": "Matrimonio es como el demonio, El - (1969 01 30).ia"
    },
    {
      "start": "21:35:24",
      "duration": "01:36:01",
      "url": "https://dn720300.ca.archive.org/0/items/isla-para-dos-1959/Isla%20para%20dos%20-%20%281959%29.mp4",
      "title": "Isla para dos - (1959)"
    },
    {
      "start": "23:11:25",
      "duration": "00:48:35",
      "url": "https://dn720003.ca.archive.org/0/items/magnificos/T1x06.mp4",
      "title": "los magnificos (relleno)"
  }
],


"4": [
  {
      "start": "00:00:00",
      "duration": "01:30:11",
      "url": "https://dn720409.ca.archive.org/0/items/que-dios-me-perdone-1948/Que%20Dios%20me%20perdone%20-%20%281948%29.ia.mp4",
      "title": "Que Dios me perdone - (1948).ia"
    },
    {
      "start": "01:30:11",
      "duration": "01:49:37",
      "url": "https://ia803406.us.archive.org/15/items/comando-especial_202106/Comando%20Especial.mp4",
      "title": "Comando Especial"
    },
    {
      "start": "03:19:48",
      "duration": "02:15:41",
      "url": "https://ia800304.us.archive.org/2/items/el-abuelo/EL_ABUELO.mp4",
      "title": "EL_ABUELO"
    },
    {
      "start": "05:35:29",
      "duration": "01:25:37",
      "url": "https://dn720302.ca.archive.org/0/items/nino-y-el-muro-el-1965-mx/Ni%C3%B1o%20y%20el%20muro%2C%20El%20%281965%29%20MX.ia.mp4",
      "title": "Niño y el muro, El (1965) MX.ia"
    },
    {
      "start": "07:01:06",
      "duration": "01:35:31",
      "url": "https://ia801309.us.archive.org/13/items/barbara-1974-julian-soler/B%C3%A1rbara%20%281974%29%20%20Julian%20Soler.ia.mp4",
      "title": "Bárbara (1974)  Julian Soler.ia"
    },
    {
      "start": "08:36:37",
      "duration": "02:21:52",
      "url": "https://dn721802.ca.archive.org/0/items/the-killing-fields-los-gritos-del-silencio-1984-roland-joffe-spa-latino/The%20Killing%20Fields%20%28Los%20gritos%20del%20silencio%29%201984%2C%20Roland%20Joff%C3%A9%20%20Spa%20Latino%20%20.ia.mp4",
      "title": "The Killing Fields (Los gritos del silencio) 1984, Roland Joffé  Spa Latino  .ia"
    },
    {
      "start": "10:58:29",
      "duration": "01:53:26",
      "url": "https://ia902908.us.archive.org/2/items/rapina.-1975/Rapina.%281975%29.mp4",
      "title": "Rapina.(1975)"
    },
    {
      "start": "12:51:55",
      "duration": "01:45:33",
      "url": "https://ia600209.us.archive.org/33/items/planeta-terror/Planeta%20Terror.mp4",
      "title": "Planeta Terror"
    },
    {
      "start": "14:37:28",
      "duration": "01:28:24",
      "url": "https://ia600507.us.archive.org/33/items/al-juicio-final/cine%20C%20%284%29.ia.mp4",
      "title": "cine C (4).ia"
    },
    {
      "start": "16:05:52",
      "duration": "01:44:06",
      "url": "https://dn710006.ca.archive.org/0/items/fuego-con-fuego-fire-with-fire-1986-duncan-gibbins-spa-latino/Fuego%20con%20fuego%20%28Fire%20with%20Fire%29%20%201986%2C%20Duncan%20Gibbins%20Spa%20Latino%20.ia.mp4",
      "title": "Fuego con fuego (Fire with Fire)  1986, Duncan Gibbins Spa Latino .ia"
    },
    {
      "start": "17:49:58",
      "duration": "01:41:01",
      "url": "https://dn721806.ca.archive.org/0/items/uno-detras-de-otro-uno-dopo-laltro-1969-nick-nostro-spa/Uno%20detr%C3%A1s%20de%20otro%20%28Uno%20dopo%20l%27altro%29%201969%2C%20Nick%20Nostro%20%20SPA.mp4",
      "title": "Uno detrás de otro (Uno dopo l'altro) 1969, Nick Nostro  SPA"
    },
    {
      "start": "19:30:59",
      "duration": "01:49:28",
      "url": "https://dn710203.ca.archive.org/0/items/chica-de-alado/chica%20de%20alado.mp4",
      "title": "chica de alado"
    },
    {
      "start": "21:20:27",
      "duration": "01:48:26",
      "url": "https://dn721804.ca.archive.org/0/items/species_202310/species.mp4",
      "title": "species"
    },
    {
      "start": "23:08:53",
      "duration": "00:51:07",
      "url": "https://dn710203.ca.archive.org/0/items/chps-t-1-c-17-series-retro.com/CHPS%20-%20T1%20C20%20-%20SeriesRetro.com.ia.mp4",
      "title": "patrulla motorizada (relleno)"
  }
],

 "5": [
  {
      "start": "00:00:00",
      "duration": "02:12:20",
      "url": "https://ia600300.us.archive.org/17/items/cine-c-2/cine%20C%20%282%29.ia.mp4",
      "title": "cine C (2).ia"
    },
    {
      "start": "02:12:20",
      "duration": "01:24:10",
      "url": "https://dn720408.ca.archive.org/0/items/escapate-conmigo-1988/Lo%20que%20le%20paso%CC%81%20a%20Sanso%CC%81n%20%281955%29.mp4",
      "title": "Lo que le pasó a Sansón (1955)"
    },
    {
      "start": "03:36:30",
      "duration": "01:27:23",
      "url": "https://ia800901.us.archive.org/13/items/zoombies-2016/Zoombies%202016.ia.mp4",
      "title": "Zoombies 2016.ia"
    },
    {
      "start": "05:03:53",
      "duration": "01:50:15",
      "url": "https://dn720408.ca.archive.org/0/items/escapate-conmigo-1988/El%20Analfabeto%20%28Cantinflas%2C%201961%29.mp4",
      "title": "El Analfabeto (Cantinflas, 1961)"
    },
    {
      "start": "06:54:08",
      "duration": "01:23:15",
      "url": "https://dn720408.ca.archive.org/0/items/escapate-conmigo-1988/Un%20milagro%20en%20el%20Circo%20-%20Cepillin.mp4",
      "title": "Un milagro en el Circo - Cepillin"
    },
    {
      "start": "08:17:23",
      "duration": "01:51:56",
      "url": "https://ia804502.us.archive.org/30/items/comando-especial-2_202106/Comando%20Especial%202.mp4",
      "title": "Comando Especial 2"
    },
    {
      "start": "10:09:19",
      "duration": "01:31:00",
      "url": "https://dn710203.ca.archive.org/0/items/diaalbaniles2dos/diaalbaniles2dos.ia.mp4",
      "title": "diaalbaniles2dos.ia"
    },
    {
      "start": "11:40:19",
      "duration": "01:27:23",
      "url": "https://ia800901.us.archive.org/13/items/zoombies-2016/Zoombies%202016.ia.mp4",
      "title": "Zoombies 2016.ia"
    },
    {
      "start": "13:07:42",
      "duration": "01:49:37",
      "url": "https://ia803406.us.archive.org/15/items/comando-especial_202106/Comando%20Especial.mp4",
      "title": "Comando Especial"
    },
    {
      "start": "14:57:19",
      "duration": "01:32:49",
      "url": "https://ia600206.us.archive.org/20/items/los-verduleros-a/Los%20Verduleros%20a.mp4",
      "title": "Los Verduleros a"
    },
    {
      "start": "16:30:08",
      "duration": "01:30:39",
      "url": "https://dn720408.ca.archive.org/0/items/escapate-conmigo-1988/La%20Hermana%20Trinquete%20%28Silvia%20Pinal%29.mp4",
      "title": "La Hermana Trinquete (Silvia Pinal)"
    },
    {
      "start": "18:00:47",
      "duration": "01:23:10",
      "url": "https://ia600202.us.archive.org/20/items/no-ballas-a-colgar/No%20ballas%20a%20colgar.mp4",
      "title": "No ballas a colgar"
    },
    {
      "start": "19:23:57",
      "duration": "01:50:58",
      "url": "https://dn710005.ca.archive.org/0/items/la-carrera-mortal-4/La%20Carrera%20Mortal%204.mp4",
      "title": "La Carrera Mortal 4"
    },
    {
      "start": "21:14:55",
      "duration": "01:33:49",
      "url": "https://dn710206.ca.archive.org/0/items/unicorn_202407/unicorn.mp4",
      "title": "unicorn"
    },
    {
      "start": "22:48:44",
      "duration": "01:11:16",
      "url": "https://ia601004.us.archive.org/19/items/caricaturas-latinas-01/caricaturas-latinas-01.ia.mp4",
      "title": "caricaturas (relleno)"
  }
],

 "6": [
  {
    "start": "00:00:00",
    "duration": "01:45:33",
    "url": "https://ia600209.us.archive.org/33/items/planeta-terror/Planeta%20Terror.mp4",
    "title": "Planeta Terror"
  },
  {
    "start": "01:45:33",
    "duration": "00:23:37",
    "url": "https://dn710206.ca.archive.org/0/items/oscuridad90/01x04.mp4",
    "title": "01x04"
  },
  {
    "start": "02:09:10",
    "duration": "01:28:24",
    "url": "https://ia600507.us.archive.org/33/items/al-juicio-final/cine%20C%20%284%29.ia.mp4",
    "title": "cine C (4).ia"
  },
  {
    "start": "03:37:34",
    "duration": "00:23:51",
    "url": "https://ia802300.us.archive.org/33/items/Garfield98/002%20-%20Caja%20de%20Fantas%C3%ADa.mp4",
    "title": "002 - Caja de Fantasía"
  },
  {
    "start": "04:01:25",
    "duration": "01:37:27",
    "url": "https://dn720408.ca.archive.org/0/items/escapate-conmigo-1988/Delincuente%20%281986%29.mp4",
    "title": "Delincuente (1986)"
  },
  {
    "start": "05:38:52",
    "duration": "01:44:06",
    "url": "https://dn710006.ca.archive.org/0/items/fuego-con-fuego-fire-with-fire-1986-duncan-gibbins-spa-latino/Fuego%20con%20fuego%20%28Fire%20with%20Fire%29%20%201986%2C%20Duncan%20Gibbins%20Spa%20Latino%20.ia.mp4",
    "title": "Fuego con fuego (Fire with Fire)  1986, Duncan Gibbins Spa Latino .ia"
  },
  {
    "start": "07:22:58",
    "duration": "01:41:01",
    "url": "https://dn721806.ca.archive.org/0/items/uno-detras-de-otro-uno-dopo-laltro-1969-nick-nostro-spa/Uno%20detr%C3%A1s%20de%20otro%20%28Uno%20dopo%20l%27altro%29%201969%2C%20Nick%20Nostro%20%20SPA.mp4",
    "title": "Uno detrás de otro (Uno dopo l'altro) 1969, Nick Nostro  SPA"
  },
  {
    "start": "09:03:59",
    "duration": "01:44:06",
    "url": "https://dn710006.ca.archive.org/0/items/fuego-con-fuego-fire-with-fire-1986-duncan-gibbins-spa-latino/Fuego%20con%20fuego%20%28Fire%20with%20Fire%29%20%201986%2C%20Duncan%20Gibbins%20Spa%20Latino%20.ia.mp4",
    "title": "Fuego con fuego (Fire with Fire)  1986, Duncan Gibbins Spa Latino .ia"
  },
  {
    "start": "10:48:05",
    "duration": "01:37:32",
    "url": "https://dn720408.ca.archive.org/0/items/escapate-conmigo-1988/Mas%20que%20alcanzar%20una%20estrella%20%281992%29.mp4",
    "title": "Mas que alcanzar una estrella (1992)"
  },
  {
    "start": "12:25:37",
    "duration": "01:45:33",
    "url": "https://ia600209.us.archive.org/33/items/planeta-terror/Planeta%20Terror.mp4",
    "title": "Planeta Terror"
  },
  {
    "start": "14:11:10",
    "duration": "01:28:24",
    "url": "https://ia600507.us.archive.org/33/items/al-juicio-final/cine%20C%20%284%29.ia.mp4",
    "title": "cine C (4).ia"
  },
  {
    "start": "15:39:34",
    "duration": "01:49:37",
    "url": "https://ia803406.us.archive.org/15/items/comando-especial_202106/Comando%20Especial.mp4",
    "title": "Comando Especial"
  },
  {
    "start": "17:29:11",
    "duration": "01:49:28",
    "url": "https://dn710203.ca.archive.org/0/items/chica-de-alado/chica%20de%20alado.mp4",
    "title": "chica de alado"
  },
  {
    "start": "19:18:39",
    "duration": "01:48:26",
    "url": "https://dn721804.ca.archive.org/0/items/species_202310/species.mp4",
    "title": "species"
  },
  {
    "start": "21:07:05",
    "duration": "02:12:20",
    "url": "https://ia600300.us.archive.org/17/items/cine-c-2/cine%20C%20%282%29.ia.mp4",
    "title": "cine C (2).ia"
  },
  {
    "start": "23:19:25",
    "duration": "00:11:58",
    "url": "https://ia601608.us.archive.org/25/items/las-bromas-mas-locas-y-elaboradas-que-veras-2-bromas-increibles/Las%20bromas%20m%C3%A1s%20locas%20y%20elaboradas%20que%20ver%C3%A1s%202%20_%20Bromas%20incre%C3%ADbles.mp4",
    "title": "Las bromas más locas y elaboradas que verás 2 _ Bromas increíbles"
  },
  {
    "start": "23:31:23",
    "duration": "00:28:37",
    "url": "https://dn721604.ca.archive.org/0/items/GordonShumway/S01.E05.mp4",
    "title": "alf - Relleno hasta 24h"
  }
],

"7": [
  {
      "start": "00:00:00",
      "duration": "01:38:39",
      "url": "https://ia800304.us.archive.org/27/items/alla-en-el-rancho-grande/All%C3%A1%20en%20el%20rancho%20grande.mp4",
      "title": "Allá en el rancho grande"
    },
    {
      "start": "01:38:39",
      "duration": "01:21:09",
      "url": "https://ia800806.us.archive.org/11/items/vacaciones-de-terror-1989/Vacaciones%20de%20Terror%20-%20%281989%29.mp4",
      "title": "Vacaciones de Terror - (1989)"
    },
    {
      "start": "02:59:48",
      "duration": "01:41:37",
      "url": "https://ia803406.us.archive.org/15/items/comando-especial_202106/Comando%20Especial.mp4",
      "title": "Comando Especial"
    },
    {
      "start": "04:41:25",
      "duration": "01:51:56",
      "url": "https://ia804502.us.archive.org/30/items/comando-especial-2_202106/Comando%20Especial%202.mp4",
      "title": "Comando Especial 2"
    },
    {
      "start": "06:33:21",
      "duration": "01:38:25",
      "url": "https://dn720406.ca.archive.org/0/items/la-otra-1946-hd/La%20Otra%20-%20%281946%29%20-%20HD.ia.mp4",
      "title": "La Otra - (1946) - HD.ia"
    },
    {
      "start": "08:11:46",
      "duration": "00:48:11",
      "url": "https://dn720003.ca.archive.org/0/items/magnificos/T1x06.mp4",
      "title": "T1x06"
    },
    {
      "start": "08:59:57",
      "duration": "00:23:23",
      "url": "https://dn721604.ca.archive.org/0/items/GordonShumway/S01.E01.mp4",
      "title": "S01.E01"
    },
    {
      "start": "09:23:20",
      "duration": "00:21:05",
      "url": "https://ia601401.us.archive.org/29/items/Beakman92/S01E01%20Beakman%20-%20Lluvia%2C%20Beakman%C3%ADa%20y%20Volcanes.mp4",
      "title": "S01E01 Beakman - Lluvia, Beakmanía y Volcanes"
    },
    {
      "start": "09:44:25",
      "duration": "00:06:38",
      "url": "https://dn721806.ca.archive.org/0/items/CoyoteyCorrecaminos/1956%20Coyote%20y%20Correcaminos%20There%20They%20Go-Go-Go%20Cla.mp4",
      "title": "1956 Coyote y Correcaminos There They Go-Go-Go Cla"
    },
    {
      "start": "09:51:03",
      "duration": "00:23:36",
      "url": "https://dn710206.ca.archive.org/0/items/oscuridad90/01x01.mp4",
      "title": "01x01"
    },
    {
      "start": "10:14:39",
      "duration": "00:23:52",
      "url": "https://ia802300.us.archive.org/33/items/Garfield98/001%20-%20Paz%20Y%20Tranquilidad.mp4",
      "title": "001 - Paz Y Tranquilidad"
    },
    {
      "start": "10:38:31",
      "duration": "00:47:42",
      "url": "https://ia801501.us.archive.org/3/items/chps-t-1-c-17-series-retro.com/CHPS%20-%20T1%20C01%20-%20SeriesRetro.com.ia.mp4",
      "title": "CHPS - T1 C01 - SeriesRetro.com.ia"
    },
    {
      "start": "11:26:13",
      "duration": "01:38:39",
      "url": "https://ia800304.us.archive.org/27/items/alla-en-el-rancho-grande/All%C3%A1%20en%20el%20rancho%20grande.mp4",
      "title": "Allá en el rancho grande"
    },
    {
      "start": "13:04:52",
      "duration": "01:21:09",
      "url": "https://ia800806.us.archive.org/11/items/vacaciones-de-terror-1989/Vacaciones%20de%20Terror%20-%20%281989%29.mp4",
      "title": "Vacaciones de Terror - (1989)"
    },
    {
      "start": "14:26:01",
      "duration": "01:41:37",
      "url": "https://ia803406.us.archive.org/15/items/comando-especial_202106/Comando%20Especial.mp4",
      "title": "Comando Especial"
    },
    {
      "start": "16:07:38",
      "duration": "01:51:56",
      "url": "https://ia804502.us.archive.org/30/items/comando-especial-2_202106/Comando%20Especial%202.mp4",
      "title": "Comando Especial 2"
    },
    {
      "start": "17:59:34",
      "duration": "01:38:25",
      "url": "https://dn720406.ca.archive.org/0/items/la-otra-1946-hd/La%20Otra%20-%20%281946%29%20-%20HD.ia.mp4",
      "title": "La Otra - (1946) - HD.ia"
    },
    {
      "start": "19:37:59",
      "duration": "01:38:39",
      "url": "https://ia800304.us.archive.org/27/items/alla-en-el-rancho-grande/All%C3%A1%20en%20el%20rancho%20grande.mp4",
      "title": "Allá en el rancho grande"
    },
    {
      "start": "21:16:38",
      "duration": "01:38:39",
      "url": "https://ia800806.us.archive.org/11/items/vacaciones-de-terror-1989/Vacaciones%20de%20Terror%20-%20%281989%29.mp4",
      "title": "Vacaciones de Terror - (1989)"
    },
    {
      "start": "22:55:17",
      "duration": "00:48:11",
      "url": "https://dn720003.ca.archive.org/0/items/magnificos/T1x06.mp4",
      "title": "T1x06"
    },
    {
      "start": "23:43:28",
      "duration": "00:16:32",
      "url": "https://ia801608.us.archive.org/25/items/las-bromas-mas-locas-y-elaboradas-que-veras-2-bromas-increibles/Las%20bromas%20m%C3%A1s%20locas%20y%20elaboradas%20que%20ver%C3%A1s%202%20_%20Bromas%20incre%C3%ADbles.mp4",
      "title": "las-bromas-mas-locas (relleno)"
    
    }
  ]
}






